id,post_type,post_name,post_title,date_of_event,gallery_link,background_image,start_time,end_time,venue_name,venue_address,ticket_link,soundcloud_link
180,event,big-pride-boat-party,"The Big Pride Boat Party",20220603,img/galleries/pride-boat-party,,22:00:00,02:00:00,Moshulu,"401 S Christopher Columbus Blvd, Philadelphia, PA 19106",https://www.eventbrite.com/e/bos-dance-with-pride-tickets-311756912317,
181,event,bos-vip,"BOS VIP",20181220,img/galleries/bos-vip,,,,,,,
182,event,candyland,Candyland,20230603,img/galleries/candyland,,21:00:00,02:00:00,"Concourse Dance Bar","1635 Market St, Back Entrance, Philadelphia, PA 19103",,
183,event,cirque-du-circuit,"Cirque du Circuit",20221008,img/galleries/cirque-du-circuit,,22:00:00,02:00:00,"The AVE Live","520 N Christopher Columbus Blvd, Philadelphia, PA 19123",https://www.tixr.com/groups/unlockedpresents/events/bos-presents-cirque-du-circuit-51408,
184,event,code,Code,,,,,,,,,
185,event,cyberpunk-2069,"Cyberpunk 2069",20220604,img/galleries/cyberpunk2069,,22:00:00,02:00:00,"Concourse Dance Bar","1635 Market St, Back Entrance, Philadelphia, PA 19103",https://www.eventbrite.com/e/bos-dance-with-pride-tickets-311756912317,
186,event,dandy,Dandy,20240217,,,22:00:00,02:00:00,"The Bike Stop","206 Quince St, Philadelphia, PA 19107",https://tickets.bosphilly.com/e/dandy,https://soundcloud.com/dj_dannykim/bosphilly-promo-track-draft
187,event,earn-your-beads,"Earn Your Beads",20230218,,,22:00:00,02:00:00,"The Bike Stop","206 Quince St, Philadelphia, PA 19107",,
188,event,eden,Eden,20220819,img/galleries/eden,,22:00:00,02:00:00,"The AVE Live","520 N Christopher Columbus Blvd, Philadephia, PA 19123",https://www.tixr.com/groups/unlockedpresents/events/bos-presents-eden-48469,
189,event,erotica,EROTICA,20211106,img/galleries/erotica,,22:00:00,04:00:00,"Warehouse on Watts","923 N Watts St, Philadelphia, PA 19123",https://www.ticketweb.com/event/j-warren-ft-erotica-warehouse-on-watts-wow-tickets/11355855,
190,event,fairydust,Fairydust,20190608,img/galleries/fairydust,,22:00:00,02:00:00,"The Deck","401 S Columbus Boulevard, Philadelphia, PA 19106",,
191,event,folsom,Folsom,,,,,,,,,
192,event,freaq,FREAQ,20180804,img/galleries/freaq,,,,,,,
193,event,get-pinned,"Get Pinned",20230415,,,22:00:00,02:00:00,"The Bike Stop","206 Quince St, Philadelphia, PA 19107",,
194,event,glow-up,"Glow Up",20230715,,,22:00:00,02:00:00,"The Bike Stop","206 Quince St, Philadelphia, PA 19107",,
195,event,go-green,"Go Green",20230318,,,22:00:00,02:00:00,"The Bike Stop","206 Quince St, Philadelphia, PA 19107",,
196,event,goldlust,Goldlust,20181006,img/galleries/goldlust,,22:00:00,02:00:00,"Trocadero Theatre","1003 Arch St, Philadelphia, PA 19107",,
197,event,halloween,Halloween,20231021,,,22:00:00,02:00:00,"The Bike Stop","206 Quince St, Philadelphia, PA 19107",,
198,event,heaven-and-hell,"Heaven and Hell",20240413,,,21:00:00,02:00:00,"Vesper Night Club","223 S Sydenham St, Philadelphia PA 19102",,https://soundcloud.com/bos-philly/heaven-and-hell-urban-kowboi
199,event,hrc-after-dark,"HRC After Dark",20190309,img/galleries/hrc-after-dark,,22:00:00,02:00:00,"Concourse Dance Bar","1635 Market St, Back Entrance, Philadelphia, PA 19103",,
200,event,ice-queen,"Ice Queen",20220226,img/galleries/ice-queen-2,,22:00:00,03:00:00,"The Foundry","29 E Allen St, Philadelphia, PA 19123",https://concerts.livenation.com/event/02005C3026E6791D,
201,event,jungle,Jungle,20231007,img/galleries/jungle,,21:00:00,02:00:00,"Concourse Dance Bar","1635 Market St, Back Entrance, Philadelphia, PA 19103",https://www.sickening.events/e/jungle/tickets,
202,event,lthr,LTHR,20190117,img/galleries/lthr,,22:00:00,02:00:00,"The Bike Stop","206 Quince St, Philadelphia, PA 19107",,
203,event,lucky,Lucky,20240316,,,22:00:00,02:00:00,"The Bike Stop","206 Quince St, Philadelphia, PA 19107",,https://soundcloud.com/bos-philly/bos-philly-lucky-set-by-dj-sakalem
204,event,miami-vice,"Miami Vice",20230823,img/galleries/miami-vice-2,,13:00:00,18:00:00,"Stratus Lounge","433 Chestnut St, Philadelphia, PA 19106",https://www.sickening.events/e/miamivice/tickets?utm_source=affiliate&utm_name=website&utm_id=648385273238451b828941f70ad1e024,
205,event,moonlight,Moonlight,20240720,,,22:00:00,02:00:00,"Liberty Point","211 S Christopher Columbus Blvd, Philadelphia, PA 19106",https://tickets.bosphilly.com/e/night-into-day/tickets?utm_source=affiliate&utm_name=Website&utm_campaign=Website&utm_id=667b78520784427c9ab65de20ad1213e,
206,event,night-swim,"Night Swim",20220821,img/galleries/night-swim,,20:00:00,02:00:00,"Vesper Dayclub","1031 Germantown Ave, Philadelphia, PA 19123",https://www.eventbrite.com/e/night-swim-tickets-166002083701?discount=BOS2021,
207,event,nut-cracker,"Nut Cracker",20231216,,,22:00:00,02:00:00,"The Bike Stop","206 Quince St, Philadelphia, PA 19107",,
208,event,opulence,Opulence,20240601,img/galleries/opulence,,22:00:00,04:00:00,"The Fillmore","29 E Allen St, Philadelphia, PA 19123",,
209,event,philly-pride-stage,"Philly Pride Stage",20230604,,,13:00:00,16:30:00,Gayborhood,"13th & Locust",,
210,event,pinklust,PINKLUST,20211009,img/galleries/pinklust,,21:00:00,01:00:00,Cockatoo,"208 S 13th St, Philadelphia, PA 19107, USA",https://www.eventbrite.com/e/pinklust-tickets-178746915837,
211,event,poolside-disco,"Poolside Disco",20190804,img/galleries/poolside-disco,,,,"The Raven","385 W Bridge St, New Hope, PA 18938",,
212,event,pop-nye,"POP NYE",20231231,,,22:00:00,02:00:00,"Miss Saigon","1316 Walnut Street, Philadelphia, PA 19107",https://www.sickening.events/e/nye-pop,
213,event,pride-2022,"Pride 2022 Festival",20220605,img/galleries/pride-2022-festival,,12:00:00,19:00:00,Gayborhood,"13th & Locust",,
214,event,pride-night,"Pride Night",20210611,img/galleries/pride-night,,22:00:00,02:00:00,"Concourse Dance Bar","1635 Market St, Back Entrance, Philadelphia, PA 19103",https://www.eventbrite.com/e/pride-night-tickets-155120320053,
215,event,primal,Primal,20191012,img/galleries/primal,,22:00:00,03:00:00,"Warehouse on Watts","923 N Watts St, Philadelphia, PA 19123",,
216,event,sir,SIR.,20221007,img/galleries/sir,,22:00:00,03:00:00,"Warehouse on Watts","923 N Watts St, Philadelphia, PA 19123",https://www.etix.com/ticket/p/2715343/sir-philadelphia-the-loft-warehouse-on-watts?partner_id=240,
217,event,steamd,STEAMâ€™D,20190427,img/galleries/steamd,,22:00:00,02:00:00,"The Bike Stop","206 Quince St, Philadelphia, PA 19107",,
218,event,summer-camp,"Summer Camp",20230819,,,22:00:00,02:00:00,"The Bike Stop","206 Quince St, Philadelphia, PA 19107",,
219,event,sunkiss,Sunkiss,20240623,img/galleries/sunkiss,,14:00:00,19:00:00,"Stratus Lounge","433 Chestnut St, Philadelphia, PA 19106",https://tickets.bosphilly.com/e/sunkiss,
220,event,sunkiss-2,"Sunkiss 2",20240728,img/galleries/sunkiss-2,,14:00:00,19:00:00,"Stratus Lounge","433 Chestnut St, Philadelphia, PA 19106",https://tickets.bosphilly.com/e/night-into-day/tickets?utm_source=affiliate&utm_name=Website&utm_campaign=Website&utm_id=667b78520784427c9ab65de20ad1213e,
221,event,super-bros,"Super Bros",20230617,,,22:00:00,02:00:00,"The Bike Stop","206 Quince St, Philadelphia, PA 19107",https://www.sickening.events/e/superbros/tickets?utm_source=affiliate&utm_name=BOSWebsite&utm_id=6467ca7f1fc84f9bad204bc10ad1e030,
222,event,the-force,"The Force",20240504,,,22:00:00,02:00:00,"The Bike Stop","206 Quince St, Philadelphia, PA 19107",,
223,event,thriller,Thriller,20181026,img/galleries/thriller,,22:00:00,02:00:00,"The Bike Stop","206 Quince St, Philadelphia, PA 19107",,
224,event,touchdown,Touchdown,20230128,img/galleries/touchdown,,22:00:00,02:00:00,"The Bike Stop","206 Quince St, Philadelphia, PA 19107",,
225,event,white-party,"White Party",20230916,,,22:00:00,02:00:00,"The Bike Stop","206 Quince St, Philadelphia, PA 19107",,
226,event,wild-west,"Wild West",20231118,,,22:00:00,02:00:00,"The Bike Stop","206 Quince St, Philadelphia, PA 19107",,
227,event,sunkiss-3,"Sunkiss 3",20240901,,,13:00:00,19:00:00,"Winston on the Waterfront","325 N Christopher Columbus Blvd Suite 100, Philadelphia, PA 19106",https://tickets.bosphilly.com/e/sunkiss3/tickets?utm_source=affiliate&utm_name=website&utm_campaign=website&utm_id=66a7b438d9004148822778180ad1e02d,
228,event,yes-sir,"YES SIR!",20230520,,,22:00:00,02:00:00,"The Bike Stop","206 Quince St, Philadelphia, PA 19107",,https://soundcloud.com/bos-philly/bos-presents-the-monthly-dj-james-anthony-yes-sir-teaser
230,event,outfest,OUTFest,20241005,,,22:00:00,03:00:00,"Warehouse on Watts","923 N Watts St, Philadelphia, PA 19123",,
